coreid,identifier,accessURI,thumbnailAccessURI,goodQualityAccessURI,rights,Owner,UsageTerms,WebStatement,caption,comments,providerManagedID,MetadataDate,format,associatedSpecimenReference,type,subtype,metadataLanguage
195682,https://api.idigbio.org/v2/media/21916d465631f4babb2445bdd93b4e9d,https://api.idigbio.org/v2/media/21916d465631f4babb2445bdd93b4e9d,https://api.idigbio.org/v2/media/21916d465631f4babb2445bdd93b4e9d?size=thumbnail,https://api.idigbio.org/v2/media/21916d465631f4babb2445bdd93b4e9d?size=webview,,"OBI - Robert F. Hoover Herbarium, Cal Poly State University (OBI)","CC BY-NC-SA (Attribution-NonCommercial-ShareAlike)",http://creativecommons.org/licenses/by-nc/4.0/,,,urn:uuid:23e7cb1c-c1c4-492d-8bbc-48bc0dc2a079,"2019-05-15 07:31:55",image/jpeg,https://www.cch2.org/portal/collections/individual/index.php?occid=195682,StillImage,Photograph,en
195871,https://api.idigbio.org/v2/media/d1186ec23aa2dd5be27a322562076fd5,https://api.idigbio.org/v2/media/d1186ec23aa2dd5be27a322562076fd5,https://api.idigbio.org/v2/media/d1186ec23aa2dd5be27a322562076fd5?size=thumbnail,https://api.idigbio.org/v2/media/d1186ec23aa2dd5be27a322562076fd5?size=webview,,"OBI - Robert F. Hoover Herbarium, Cal Poly State University (OBI)","CC BY-NC-SA (Attribution-NonCommercial-ShareAlike)",http://creativecommons.org/licenses/by-nc/4.0/,,,urn:uuid:5ae93505-3a66-4f3e-864d-b11aad85e896,"2019-05-15 07:31:57",image/jpeg,https://www.cch2.org/portal/collections/individual/index.php?occid=195871,StillImage,Photograph,en
195872,https://api.idigbio.org/v2/media/2b558fcab21cf87a8775d702aea97cd8,https://api.idigbio.org/v2/media/2b558fcab21cf87a8775d702aea97cd8,https://api.idigbio.org/v2/media/2b558fcab21cf87a8775d702aea97cd8?size=thumbnail,https://api.idigbio.org/v2/media/2b558fcab21cf87a8775d702aea97cd8?size=webview,,"OBI - Robert F. Hoover Herbarium, Cal Poly State University (OBI)","CC BY-NC-SA (Attribution-NonCommercial-ShareAlike)",http://creativecommons.org/licenses/by-nc/4.0/,,,urn:uuid:819b53f2-c115-4991-8315-2821b9831333,"2019-05-15 07:31:57",image/jpeg,https://www.cch2.org/portal/collections/individual/index.php?occid=195872,StillImage,Photograph,en
195873,https://api.idigbio.org/v2/media/c71af50a6054ee0d7f17b8d6c91e8e55,https://api.idigbio.org/v2/media/c71af50a6054ee0d7f17b8d6c91e8e55,https://api.idigbio.org/v2/media/c71af50a6054ee0d7f17b8d6c91e8e55?size=thumbnail,https://api.idigbio.org/v2/media/c71af50a6054ee0d7f17b8d6c91e8e55?size=webview,,"OBI - Robert F. Hoover Herbarium, Cal Poly State University (OBI)","CC BY-NC-SA (Attribution-NonCommercial-ShareAlike)",http://creativecommons.org/licenses/by-nc/4.0/,,,urn:uuid:2ccea301-6752-4050-a024-e339917a7d47,"2019-05-15 07:31:54",image/jpeg,https://www.cch2.org/portal/collections/individual/index.php?occid=195873,StillImage,Photograph,en
195874,https://api.idigbio.org/v2/media/57c24e675a2c20ffc9c3ba24212c3678,https://api.idigbio.org/v2/media/57c24e675a2c20ffc9c3ba24212c3678,https://api.idigbio.org/v2/media/57c24e675a2c20ffc9c3ba24212c3678?size=thumbnail,https://api.idigbio.org/v2/media/57c24e675a2c20ffc9c3ba24212c3678?size=webview,,"OBI - Robert F. Hoover Herbarium, Cal Poly State University (OBI)","CC BY-NC-SA (Attribution-NonCommercial-ShareAlike)",http://creativecommons.org/licenses/by-nc/4.0/,,,urn:uuid:1c10b5ce-d246-4d73-af82-274aed782799,"2019-05-15 07:31:56",image/jpeg,https://www.cch2.org/portal/collections/individual/index.php?occid=195874,StillImage,Photograph,en
195875,https://api.idigbio.org/v2/media/94cd5c4f89c2093d8997442bd3f5bea6,https://api.idigbio.org/v2/media/94cd5c4f89c2093d8997442bd3f5bea6,https://api.idigbio.org/v2/media/94cd5c4f89c2093d8997442bd3f5bea6?size=thumbnail,https://api.idigbio.org/v2/media/94cd5c4f89c2093d8997442bd3f5bea6?size=webview,,"OBI - Robert F. Hoover Herbarium, Cal Poly State University (OBI)","CC BY-NC-SA (Attribution-NonCommercial-ShareAlike)",http://creativecommons.org/licenses/by-nc/4.0/,,,urn:uuid:ba2a4f74-72b3-49c4-afd7-de564ce122ed,"2019-05-15 07:31:54",image/jpeg,https://www.cch2.org/portal/collections/individual/index.php?occid=195875,StillImage,Photograph,en
195876,https://api.idigbio.org/v2/media/ef3cd80793a2e50982bdf886f10d409d,https://api.idigbio.org/v2/media/ef3cd80793a2e50982bdf886f10d409d,https://api.idigbio.org/v2/media/ef3cd80793a2e50982bdf886f10d409d?size=thumbnail,https://api.idigbio.org/v2/media/ef3cd80793a2e50982bdf886f10d409d?size=webview,,"OBI - Robert F. Hoover Herbarium, Cal Poly State University (OBI)","CC BY-NC-SA (Attribution-NonCommercial-ShareAlike)",http://creativecommons.org/licenses/by-nc/4.0/,,,urn:uuid:3441bc39-a921-46b7-999b-2ad049e4643e,"2019-05-15 07:31:55",image/jpeg,https://www.cch2.org/portal/collections/individual/index.php?occid=195876,StillImage,Photograph,en
195877,https://api.idigbio.org/v2/media/5c4e95f4f6010c58b4818ef6afafc720,https://api.idigbio.org/v2/media/5c4e95f4f6010c58b4818ef6afafc720,https://api.idigbio.org/v2/media/5c4e95f4f6010c58b4818ef6afafc720?size=thumbnail,https://api.idigbio.org/v2/media/5c4e95f4f6010c58b4818ef6afafc720?size=webview,,"OBI - Robert F. Hoover Herbarium, Cal Poly State University (OBI)","CC BY-NC-SA (Attribution-NonCommercial-ShareAlike)",http://creativecommons.org/licenses/by-nc/4.0/,,,urn:uuid:dc35b8fc-bff2-439f-aef7-c864cd1c66e2,"2019-05-15 07:31:54",image/jpeg,https://www.cch2.org/portal/collections/individual/index.php?occid=195877,StillImage,Photograph,en
195878,https://api.idigbio.org/v2/media/14427bd63a5acc1769766f00f94a71a9,https://api.idigbio.org/v2/media/14427bd63a5acc1769766f00f94a71a9,https://api.idigbio.org/v2/media/14427bd63a5acc1769766f00f94a71a9?size=thumbnail,https://api.idigbio.org/v2/media/14427bd63a5acc1769766f00f94a71a9?size=webview,,"OBI - Robert F. Hoover Herbarium, Cal Poly State University (OBI)","CC BY-NC-SA (Attribution-NonCommercial-ShareAlike)",http://creativecommons.org/licenses/by-nc/4.0/,,,urn:uuid:ae0c32f6-c591-42e6-873b-7cb22938cb00,"2019-05-15 07:31:54",image/jpeg,https://www.cch2.org/portal/collections/individual/index.php?occid=195878,StillImage,Photograph,en
195879,https://api.idigbio.org/v2/media/d0847e40ac29b30568dfaaf10da79521,https://api.idigbio.org/v2/media/d0847e40ac29b30568dfaaf10da79521,https://api.idigbio.org/v2/media/d0847e40ac29b30568dfaaf10da79521?size=thumbnail,https://api.idigbio.org/v2/media/d0847e40ac29b30568dfaaf10da79521?size=webview,,"OBI - Robert F. Hoover Herbarium, Cal Poly State University (OBI)","CC BY-NC-SA (Attribution-NonCommercial-ShareAlike)",http://creativecommons.org/licenses/by-nc/4.0/,,,urn:uuid:8f30d4fd-3eac-4485-9ae8-c1bf49139920,"2019-05-15 07:31:55",image/jpeg,https://www.cch2.org/portal/collections/individual/index.php?occid=195879,StillImage,Photograph,en
195881,https://api.idigbio.org/v2/media/3981370672ff2e3f1b76f36e12972d6f,https://api.idigbio.org/v2/media/3981370672ff2e3f1b76f36e12972d6f,https://api.idigbio.org/v2/media/3981370672ff2e3f1b76f36e12972d6f?size=thumbnail,https://api.idigbio.org/v2/media/3981370672ff2e3f1b76f36e12972d6f?size=webview,,"OBI - Robert F. Hoover Herbarium, Cal Poly State University (OBI)","CC BY-NC-SA (Attribution-NonCommercial-ShareAlike)",http://creativecommons.org/licenses/by-nc/4.0/,,,urn:uuid:41be9900-c490-47d3-b3d3-7e4269dc42d3,"2019-05-15 07:31:54",image/jpeg,https://www.cch2.org/portal/collections/individual/index.php?occid=195881,StillImage,Photograph,en
195883,https://api.idigbio.org/v2/media/bf579ccb094bccc071448acf915c434f,https://api.idigbio.org/v2/media/bf579ccb094bccc071448acf915c434f,https://api.idigbio.org/v2/media/bf579ccb094bccc071448acf915c434f?size=thumbnail,https://api.idigbio.org/v2/media/bf579ccb094bccc071448acf915c434f?size=webview,,"OBI - Robert F. Hoover Herbarium, Cal Poly State University (OBI)","CC BY-NC-SA (Attribution-NonCommercial-ShareAlike)",http://creativecommons.org/licenses/by-nc/4.0/,,,urn:uuid:a07e464d-f871-451c-82d5-1f82f00fde88,"2019-05-15 07:31:56",image/jpeg,https://www.cch2.org/portal/collections/individual/index.php?occid=195883,StillImage,Photograph,en
195885,https://api.idigbio.org/v2/media/d82fcbccbabc59f2984a602a18e50cbd,https://api.idigbio.org/v2/media/d82fcbccbabc59f2984a602a18e50cbd,https://api.idigbio.org/v2/media/d82fcbccbabc59f2984a602a18e50cbd?size=thumbnail,https://api.idigbio.org/v2/media/d82fcbccbabc59f2984a602a18e50cbd?size=webview,,"OBI - Robert F. Hoover Herbarium, Cal Poly State University (OBI)","CC BY-NC-SA (Attribution-NonCommercial-ShareAlike)",http://creativecommons.org/licenses/by-nc/4.0/,,,urn:uuid:8ca74892-ac0e-4c42-8be4-7ff414c025b2,"2019-05-15 07:31:52",image/jpeg,https://www.cch2.org/portal/collections/individual/index.php?occid=195885,StillImage,Photograph,en
195886,https://api.idigbio.org/v2/media/a21209a732380cee62330cd9c0f5d749,https://api.idigbio.org/v2/media/a21209a732380cee62330cd9c0f5d749,https://api.idigbio.org/v2/media/a21209a732380cee62330cd9c0f5d749?size=thumbnail,https://api.idigbio.org/v2/media/a21209a732380cee62330cd9c0f5d749?size=webview,,"OBI - Robert F. Hoover Herbarium, Cal Poly State University (OBI)","CC BY-NC-SA (Attribution-NonCommercial-ShareAlike)",http://creativecommons.org/licenses/by-nc/4.0/,,,urn:uuid:2d464cac-7208-49ce-891c-8eb4ee13d411,"2019-05-15 07:31:55",image/jpeg,https://www.cch2.org/portal/collections/individual/index.php?occid=195886,StillImage,Photograph,en
195887,https://api.idigbio.org/v2/media/b102fdb85c622a2d39e0cdfd7898fe3a,https://api.idigbio.org/v2/media/b102fdb85c622a2d39e0cdfd7898fe3a,https://api.idigbio.org/v2/media/b102fdb85c622a2d39e0cdfd7898fe3a?size=thumbnail,https://api.idigbio.org/v2/media/b102fdb85c622a2d39e0cdfd7898fe3a?size=webview,,"OBI - Robert F. Hoover Herbarium, Cal Poly State University (OBI)","CC BY-NC-SA (Attribution-NonCommercial-ShareAlike)",http://creativecommons.org/licenses/by-nc/4.0/,,,urn:uuid:ccdb7eb0-c8e3-4090-963a-eb33b90c7cdb,"2019-05-15 07:31:54",image/jpeg,https://www.cch2.org/portal/collections/individual/index.php?occid=195887,StillImage,Photograph,en
195888,https://api.idigbio.org/v2/media/5618974bac8d18a2e393afb88b8de49a,https://api.idigbio.org/v2/media/5618974bac8d18a2e393afb88b8de49a,https://api.idigbio.org/v2/media/5618974bac8d18a2e393afb88b8de49a?size=thumbnail,https://api.idigbio.org/v2/media/5618974bac8d18a2e393afb88b8de49a?size=webview,,"OBI - Robert F. Hoover Herbarium, Cal Poly State University (OBI)","CC BY-NC-SA (Attribution-NonCommercial-ShareAlike)",http://creativecommons.org/licenses/by-nc/4.0/,,,urn:uuid:c388917d-0096-45fb-957b-817ad85d5d39,"2019-05-15 07:31:56",image/jpeg,https://www.cch2.org/portal/collections/individual/index.php?occid=195888,StillImage,Photograph,en
217263,https://api.idigbio.org/v2/media/5587c2c60bb1a5468f658b9db7886f38,https://api.idigbio.org/v2/media/5587c2c60bb1a5468f658b9db7886f38,https://api.idigbio.org/v2/media/5587c2c60bb1a5468f658b9db7886f38?size=thumbnail,https://api.idigbio.org/v2/media/5587c2c60bb1a5468f658b9db7886f38?size=webview,,"OBI - Robert F. Hoover Herbarium, Cal Poly State University (OBI)","CC BY-NC-SA (Attribution-NonCommercial-ShareAlike)",http://creativecommons.org/licenses/by-nc/4.0/,,,urn:uuid:5ed1b1fb-f97d-4b41-9e8e-0546a643aa97,"2019-08-29 13:31:53",image/jpeg,https://www.cch2.org/portal/collections/individual/index.php?occid=217263,StillImage,Photograph,en
232359,https://bisque.cyverse.org/image_service/image/00-X9PT92sYp47idorFqVmUne/resize:4000/format:jpeg,https://bisque.cyverse.org/image_service/image/00-X9PT92sYp47idorFqVmUne/resize:4000/format:jpeg,"https://bisque.cyverse.org/image_service/image/00-X9PT92sYp47idorFqVmUne/thumbnail:200,200",https://bisque.cyverse.org/image_service/image/00-X9PT92sYp47idorFqVmUne/resize:1250/format:jpeg,,"UCSC Herbarium - Kenneth S. Norris Center for Natural History, University of California Santa Cruz (UCSC)","CC BY-NC-SA (Attribution-NonCommercial-ShareAlike)",http://creativecommons.org/licenses/by-nc/4.0/,,,urn:uuid:15e84c5b-bdbd-4517-95e4-7208e7d1cc76,"2021-06-03 11:39:47",image/jpeg,https://www.cch2.org/portal/collections/individual/index.php?occid=232359,StillImage,Photograph,en
236149,https://bisque.cyverse.org/image_service/image/00-nFUUESVQD9qhYNiMJmcfUZ/resize:4000/format:jpeg,https://bisque.cyverse.org/image_service/image/00-nFUUESVQD9qhYNiMJmcfUZ/resize:4000/format:jpeg,"https://bisque.cyverse.org/image_service/image/00-nFUUESVQD9qhYNiMJmcfUZ/thumbnail:200,200",https://bisque.cyverse.org/image_service/image/00-nFUUESVQD9qhYNiMJmcfUZ/resize:1250/format:jpeg,,"UCSC Herbarium - Kenneth S. Norris Center for Natural History, University of California Santa Cruz (UCSC)","CC BY-NC-SA (Attribution-NonCommercial-ShareAlike)",http://creativecommons.org/licenses/by-nc/4.0/,,,urn:uuid:6561c006-456c-457b-9e7a-dceaf801a80c,"2021-06-03 11:39:47",image/jpeg,https://www.cch2.org/portal/collections/individual/index.php?occid=236149,StillImage,Photograph,en
252177,https://api.idigbio.org/v2/media/e9d2e7a63ae176b4cf2ca3aa618c4965,https://api.idigbio.org/v2/media/e9d2e7a63ae176b4cf2ca3aa618c4965,https://api.idigbio.org/v2/media/e9d2e7a63ae176b4cf2ca3aa618c4965?size=thumbnail,https://api.idigbio.org/v2/media/e9d2e7a63ae176b4cf2ca3aa618c4965?size=webview,,"LOB - California State University, Long Beach Herbarium (LOB)","CC BY-NC-SA (Attribution-NonCommercial-ShareAlike)",http://creativecommons.org/licenses/by-nc/4.0/,,,urn:uuid:4fba6952-cec1-4b94-af08-de4c2902e501,"2019-08-13 11:48:58",image/jpeg,https://www.cch2.org/portal/collections/individual/index.php?occid=252177,StillImage,Photograph,en
320983,https://api.idigbio.org/v2/media/59b83658c2308db5e3b244f65e766ecf,https://api.idigbio.org/v2/media/59b83658c2308db5e3b244f65e766ecf,https://api.idigbio.org/v2/media/59b83658c2308db5e3b244f65e766ecf?size=thumbnail,https://api.idigbio.org/v2/media/59b83658c2308db5e3b244f65e766ecf?size=webview,,"UCSB - University of California Santa Barbara Herbarium (UCSB)","CC0 1.0 (Public-domain)",http://creativecommons.org/publicdomain/zero/1.0/,,,urn:uuid:20814427-cb65-485c-a3df-f30a54b7b5cf,"2019-01-08 18:09:07",image/jpeg,https://www.cch2.org/portal/collections/individual/index.php?occid=320983,StillImage,Photograph,en
358465,https://bisque.cyverse.org/image_service/image/00-ZKr9EbQSPPgUZRywSSjV9Z/resize:4000/format:jpeg,https://bisque.cyverse.org/image_service/image/00-ZKr9EbQSPPgUZRywSSjV9Z/resize:4000/format:jpeg,"https://bisque.cyverse.org/image_service/image/00-ZKr9EbQSPPgUZRywSSjV9Z/thumbnail:200,200",https://bisque.cyverse.org/image_service/image/00-ZKr9EbQSPPgUZRywSSjV9Z/resize:1250/format:jpeg,,"SJSU - Carl W. Sharsmith Herbarium, San Jose State University (SJSU)","CC BY-NC-SA (Attribution-NonCommercial-ShareAlike)",http://creativecommons.org/licenses/by-nc/4.0/,,,urn:uuid:cce7ad91-2642-4103-b91d-4a3636151690,"2020-07-16 09:56:14",image/jpeg,https://www.cch2.org/portal/collections/individual/index.php?occid=358465,StillImage,Photograph,en
364274,https://bisque.cyverse.org/image_service/image/00-av34Wh3KoGBtDH84Jhsghc/resize:4000/format:jpeg,https://bisque.cyverse.org/image_service/image/00-av34Wh3KoGBtDH84Jhsghc/resize:4000/format:jpeg,"https://bisque.cyverse.org/image_service/image/00-av34Wh3KoGBtDH84Jhsghc/thumbnail:200,200",https://bisque.cyverse.org/image_service/image/00-av34Wh3KoGBtDH84Jhsghc/resize:1250/format:jpeg,,"SJSU - Carl W. Sharsmith Herbarium, San Jose State University (SJSU)","CC BY-NC-SA (Attribution-NonCommercial-ShareAlike)",http://creativecommons.org/licenses/by-nc/4.0/,,,urn:uuid:163adab6-91ba-40f3-81cb-5167d2819eb8,"2020-07-16 09:57:13",image/jpeg,https://www.cch2.org/portal/collections/individual/index.php?occid=364274,StillImage,Photograph,en
382617,https://bisque.cyverse.org/image_service/image/00-QSEEo2h7X4R6bNuiXHHzQg/resize:4000/format:jpeg,https://bisque.cyverse.org/image_service/image/00-QSEEo2h7X4R6bNuiXHHzQg/resize:4000/format:jpeg,"https://bisque.cyverse.org/image_service/image/00-QSEEo2h7X4R6bNuiXHHzQg/thumbnail:200,200",https://bisque.cyverse.org/image_service/image/00-QSEEo2h7X4R6bNuiXHHzQg/resize:1250/format:jpeg,,"SDSU - San Diego State University Herbarium (SDSU)","CC BY-NC-SA (Attribution-NonCommercial-ShareAlike)",http://creativecommons.org/licenses/by-nc/4.0/,,,urn:uuid:4f7720c8-49ce-44d5-a2bc-aa98d62cd380,"2020-02-02 21:30:52",image/jpeg,https://www.cch2.org/portal/collections/individual/index.php?occid=382617,StillImage,Photograph,en
382618,https://bisque.cyverse.org/image_service/image/00-Rv4qvDGpQtFj9CaSvz6FMg/resize:4000/format:jpeg,https://bisque.cyverse.org/image_service/image/00-Rv4qvDGpQtFj9CaSvz6FMg/resize:4000/format:jpeg,"https://bisque.cyverse.org/image_service/image/00-Rv4qvDGpQtFj9CaSvz6FMg/thumbnail:200,200",https://bisque.cyverse.org/image_service/image/00-Rv4qvDGpQtFj9CaSvz6FMg/resize:1250/format:jpeg,,"SDSU - San Diego State University Herbarium (SDSU)","CC BY-NC-SA (Attribution-NonCommercial-ShareAlike)",http://creativecommons.org/licenses/by-nc/4.0/,,,urn:uuid:26bd5cd1-0f0b-4ed1-bd7a-8349617bbef3,"2020-02-02 21:30:52",image/jpeg,https://www.cch2.org/portal/collections/individual/index.php?occid=382618,StillImage,Photograph,en
614527,https://api.idigbio.org/v2/media/978733c4f770d911d23bef14787d5cb7,https://api.idigbio.org/v2/media/978733c4f770d911d23bef14787d5cb7,https://api.idigbio.org/v2/media/978733c4f770d911d23bef14787d5cb7?size=thumbnail,https://api.idigbio.org/v2/media/978733c4f770d911d23bef14787d5cb7?size=webview,,"SFV - California State University, Northridge (SFV)","CC BY-NC-SA (Attribution-NonCommercial-ShareAlike)",http://creativecommons.org/licenses/by-nc/4.0/,,,urn:uuid:abf8d7e1-6ccb-4228-8554-5e2302b73707,"2019-02-28 09:51:42",image/jpeg,https://www.cch2.org/portal/collections/individual/index.php?occid=614527,StillImage,Photograph,en
1181016,https://api.idigbio.org/v2/media/b7327489fd8b9c9242bc6c85941dcc0d,https://api.idigbio.org/v2/media/b7327489fd8b9c9242bc6c85941dcc0d,https://api.idigbio.org/v2/media/b7327489fd8b9c9242bc6c85941dcc0d?size=thumbnail,https://api.idigbio.org/v2/media/b7327489fd8b9c9242bc6c85941dcc0d?size=webview,,"RSA - California Botanic Garden Herbarium (RSA-VascularPlants)","CC BY-NC-SA (Attribution-NonCommercial-ShareAlike)",http://creativecommons.org/licenses/by-nc/4.0/,,,urn:uuid:744f8df6-fdf6-4db1-8b10-9c02d427828e,"2019-04-30 11:20:16",image/jpeg,https://www.cch2.org/portal/collections/individual/index.php?occid=1181016,StillImage,Photograph,en
1308202,https://bisque.cyverse.org/image_service/image/00-3ZiPrqDGF3yoMeL9s7LU4k/resize:4000/format:jpeg,https://bisque.cyverse.org/image_service/image/00-3ZiPrqDGF3yoMeL9s7LU4k/resize:4000/format:jpeg,"https://bisque.cyverse.org/image_service/image/00-3ZiPrqDGF3yoMeL9s7LU4k/thumbnail:200,200",https://bisque.cyverse.org/image_service/image/00-3ZiPrqDGF3yoMeL9s7LU4k/resize:1250/format:jpeg,,"DAV - UC Davis Herbarium (DAV)","CC BY-NC-SA (Attribution-NonCommercial-ShareAlike)",http://creativecommons.org/licenses/by-nc/4.0/,,,urn:uuid:69b8d4dc-42a3-4c7b-9e48-169d665bfb7a,"2021-08-20 13:28:07",image/jpeg,https://www.cch2.org/portal/collections/individual/index.php?occid=1308202,StillImage,Photograph,en
1363274,https://bisque.cyverse.org/image_service/image/00-oLrCuueEQjy22exuPnaGj6/resize:4000/format:jpeg,https://bisque.cyverse.org/image_service/image/00-oLrCuueEQjy22exuPnaGj6/resize:4000/format:jpeg,"https://bisque.cyverse.org/image_service/image/00-oLrCuueEQjy22exuPnaGj6/thumbnail:200,200",https://bisque.cyverse.org/image_service/image/00-oLrCuueEQjy22exuPnaGj6/resize:1250/format:jpeg,,"DAV - UC Davis Herbarium (DAV)","CC BY-NC-SA (Attribution-NonCommercial-ShareAlike)",http://creativecommons.org/licenses/by-nc/4.0/,,,urn:uuid:30d528fd-e59d-4e4b-a42f-c89293bdb51b,"2021-08-20 13:28:07",image/jpeg,https://www.cch2.org/portal/collections/individual/index.php?occid=1363274,StillImage,Photograph,en
1363276,https://bisque.cyverse.org/image_service/image/00-FDeob9ZskZXQwmoNJ2cMgm/resize:4000/format:jpeg,https://bisque.cyverse.org/image_service/image/00-FDeob9ZskZXQwmoNJ2cMgm/resize:4000/format:jpeg,"https://bisque.cyverse.org/image_service/image/00-FDeob9ZskZXQwmoNJ2cMgm/thumbnail:200,200",https://bisque.cyverse.org/image_service/image/00-FDeob9ZskZXQwmoNJ2cMgm/resize:1250/format:jpeg,,"DAV - UC Davis Herbarium (DAV)","CC BY-NC-SA (Attribution-NonCommercial-ShareAlike)",http://creativecommons.org/licenses/by-nc/4.0/,,,urn:uuid:ba5c7fbc-2e4e-41d2-a4d0-3e83fa72c3c8,"2021-08-20 13:28:07",image/jpeg,https://www.cch2.org/portal/collections/individual/index.php?occid=1363276,StillImage,Photograph,en
1363280,https://bisque.cyverse.org/image_service/image/00-KLeJCwxEAzHjr4ZwyPQhXC/resize:4000/format:jpeg,https://bisque.cyverse.org/image_service/image/00-KLeJCwxEAzHjr4ZwyPQhXC/resize:4000/format:jpeg,"https://bisque.cyverse.org/image_service/image/00-KLeJCwxEAzHjr4ZwyPQhXC/thumbnail:200,200",https://bisque.cyverse.org/image_service/image/00-KLeJCwxEAzHjr4ZwyPQhXC/resize:1250/format:jpeg,,"DAV - UC Davis Herbarium (DAV)","CC BY-NC-SA (Attribution-NonCommercial-ShareAlike)",http://creativecommons.org/licenses/by-nc/4.0/,,,urn:uuid:ae877be8-5b92-4aa1-885d-ec1db49bd65d,"2021-08-20 13:28:07",image/jpeg,https://www.cch2.org/portal/collections/individual/index.php?occid=1363280,StillImage,Photograph,en
1363285,https://bisque.cyverse.org/image_service/image/00-nqcuUQhGmJABqQmiJKTccE/resize:4000/format:jpeg,https://bisque.cyverse.org/image_service/image/00-nqcuUQhGmJABqQmiJKTccE/resize:4000/format:jpeg,"https://bisque.cyverse.org/image_service/image/00-nqcuUQhGmJABqQmiJKTccE/thumbnail:200,200",https://bisque.cyverse.org/image_service/image/00-nqcuUQhGmJABqQmiJKTccE/resize:1250/format:jpeg,,"DAV - UC Davis Herbarium (DAV)","CC BY-NC-SA (Attribution-NonCommercial-ShareAlike)",http://creativecommons.org/licenses/by-nc/4.0/,,,urn:uuid:c86d2bf6-4d7b-455b-89f0-9c9e356c3d70,"2021-08-20 13:28:07",image/jpeg,https://www.cch2.org/portal/collections/individual/index.php?occid=1363285,StillImage,Photograph,en
1363286,https://bisque.cyverse.org/image_service/image/00-Q8kBukDLL5sVh9GrcZHYZP/resize:4000/format:jpeg,https://bisque.cyverse.org/image_service/image/00-Q8kBukDLL5sVh9GrcZHYZP/resize:4000/format:jpeg,"https://bisque.cyverse.org/image_service/image/00-Q8kBukDLL5sVh9GrcZHYZP/thumbnail:200,200",https://bisque.cyverse.org/image_service/image/00-Q8kBukDLL5sVh9GrcZHYZP/resize:1250/format:jpeg,,"DAV - UC Davis Herbarium (DAV)","CC BY-NC-SA (Attribution-NonCommercial-ShareAlike)",http://creativecommons.org/licenses/by-nc/4.0/,,,urn:uuid:3ed2e431-1337-458b-98f9-d2a73bf98a61,"2021-08-20 13:28:07",image/jpeg,https://www.cch2.org/portal/collections/individual/index.php?occid=1363286,StillImage,Photograph,en
1363288,https://bisque.cyverse.org/image_service/image/00-RBv3HfvoBNi2XvTN4w8RBD/resize:4000/format:jpeg,https://bisque.cyverse.org/image_service/image/00-RBv3HfvoBNi2XvTN4w8RBD/resize:4000/format:jpeg,"https://bisque.cyverse.org/image_service/image/00-RBv3HfvoBNi2XvTN4w8RBD/thumbnail:200,200",https://bisque.cyverse.org/image_service/image/00-RBv3HfvoBNi2XvTN4w8RBD/resize:1250/format:jpeg,,"DAV - UC Davis Herbarium (DAV)","CC BY-NC-SA (Attribution-NonCommercial-ShareAlike)",http://creativecommons.org/licenses/by-nc/4.0/,,,urn:uuid:8d9261b9-3095-440b-ba32-3b5b82f5a27d,"2021-08-20 13:28:07",image/jpeg,https://www.cch2.org/portal/collections/individual/index.php?occid=1363288,StillImage,Photograph,en
1363292,https://bisque.cyverse.org/image_service/image/00-MQwu2sPKS9LPPjeSVvJEJ3/resize:4000/format:jpeg,https://bisque.cyverse.org/image_service/image/00-MQwu2sPKS9LPPjeSVvJEJ3/resize:4000/format:jpeg,"https://bisque.cyverse.org/image_service/image/00-MQwu2sPKS9LPPjeSVvJEJ3/thumbnail:200,200",https://bisque.cyverse.org/image_service/image/00-MQwu2sPKS9LPPjeSVvJEJ3/resize:1250/format:jpeg,,"DAV - UC Davis Herbarium (DAV)","CC BY-NC-SA (Attribution-NonCommercial-ShareAlike)",http://creativecommons.org/licenses/by-nc/4.0/,,,urn:uuid:d33b1182-f9b6-4d5a-ac84-ef744271ea56,"2021-08-20 13:28:07",image/jpeg,https://www.cch2.org/portal/collections/individual/index.php?occid=1363292,StillImage,Photograph,en
1363295,https://bisque.cyverse.org/image_service/image/00-WShVEU8dKEiwRkkqG5JXzE/resize:4000/format:jpeg,https://bisque.cyverse.org/image_service/image/00-WShVEU8dKEiwRkkqG5JXzE/resize:4000/format:jpeg,"https://bisque.cyverse.org/image_service/image/00-WShVEU8dKEiwRkkqG5JXzE/thumbnail:200,200",https://bisque.cyverse.org/image_service/image/00-WShVEU8dKEiwRkkqG5JXzE/resize:1250/format:jpeg,,"DAV - UC Davis Herbarium (DAV)","CC BY-NC-SA (Attribution-NonCommercial-ShareAlike)",http://creativecommons.org/licenses/by-nc/4.0/,,,urn:uuid:f1dffc82-a771-4de5-aeae-1ae93f43b47b,"2021-08-20 13:28:07",image/jpeg,https://www.cch2.org/portal/collections/individual/index.php?occid=1363295,StillImage,Photograph,en
1363296,https://bisque.cyverse.org/image_service/image/00-bbk5UtqjRFt4drG3hMm77Q/resize:4000/format:jpeg,https://bisque.cyverse.org/image_service/image/00-bbk5UtqjRFt4drG3hMm77Q/resize:4000/format:jpeg,"https://bisque.cyverse.org/image_service/image/00-bbk5UtqjRFt4drG3hMm77Q/thumbnail:200,200",https://bisque.cyverse.org/image_service/image/00-bbk5UtqjRFt4drG3hMm77Q/resize:1250/format:jpeg,,"DAV - UC Davis Herbarium (DAV)","CC BY-NC-SA (Attribution-NonCommercial-ShareAlike)",http://creativecommons.org/licenses/by-nc/4.0/,,,urn:uuid:a94e8978-f815-47e4-99e2-b6f4cf6032f8,"2021-08-20 13:28:07",image/jpeg,https://www.cch2.org/portal/collections/individual/index.php?occid=1363296,StillImage,Photograph,en
1363297,https://bisque.cyverse.org/image_service/image/00-dC56c3rc7grCicHXg6THU7/resize:4000/format:jpeg,https://bisque.cyverse.org/image_service/image/00-dC56c3rc7grCicHXg6THU7/resize:4000/format:jpeg,"https://bisque.cyverse.org/image_service/image/00-dC56c3rc7grCicHXg6THU7/thumbnail:200,200",https://bisque.cyverse.org/image_service/image/00-dC56c3rc7grCicHXg6THU7/resize:1250/format:jpeg,,"DAV - UC Davis Herbarium (DAV)","CC BY-NC-SA (Attribution-NonCommercial-ShareAlike)",http://creativecommons.org/licenses/by-nc/4.0/,,,urn:uuid:347f795e-f458-4162-8bbe-022653cf1213,"2021-08-20 13:28:07",image/jpeg,https://www.cch2.org/portal/collections/individual/index.php?occid=1363297,StillImage,Photograph,en
1363299,https://bisque.cyverse.org/image_service/image/00-VPZ7nzPHhPRVpsLrZkLSAG/resize:4000/format:jpeg,https://bisque.cyverse.org/image_service/image/00-VPZ7nzPHhPRVpsLrZkLSAG/resize:4000/format:jpeg,"https://bisque.cyverse.org/image_service/image/00-VPZ7nzPHhPRVpsLrZkLSAG/thumbnail:200,200",https://bisque.cyverse.org/image_service/image/00-VPZ7nzPHhPRVpsLrZkLSAG/resize:1250/format:jpeg,,"DAV - UC Davis Herbarium (DAV)","CC BY-NC-SA (Attribution-NonCommercial-ShareAlike)",http://creativecommons.org/licenses/by-nc/4.0/,,,urn:uuid:b529441d-9ce7-441f-a769-513bdd3fbbdb,"2021-08-20 13:28:07",image/jpeg,https://www.cch2.org/portal/collections/individual/index.php?occid=1363299,StillImage,Photograph,en
1363301,https://bisque.cyverse.org/image_service/image/00-mGQGBxueaXNkYvBGdjGDNP/resize:4000/format:jpeg,https://bisque.cyverse.org/image_service/image/00-mGQGBxueaXNkYvBGdjGDNP/resize:4000/format:jpeg,"https://bisque.cyverse.org/image_service/image/00-mGQGBxueaXNkYvBGdjGDNP/thumbnail:200,200",https://bisque.cyverse.org/image_service/image/00-mGQGBxueaXNkYvBGdjGDNP/resize:1250/format:jpeg,,"DAV - UC Davis Herbarium (DAV)","CC BY-NC-SA (Attribution-NonCommercial-ShareAlike)",http://creativecommons.org/licenses/by-nc/4.0/,,,urn:uuid:be642f5f-67f5-487f-a48d-61e5baa82ef7,"2021-08-20 13:28:07",image/jpeg,https://www.cch2.org/portal/collections/individual/index.php?occid=1363301,StillImage,Photograph,en
1363302,https://bisque.cyverse.org/image_service/image/00-vgvXVRTFfjXfecf7Wh6zRS/resize:4000/format:jpeg,https://bisque.cyverse.org/image_service/image/00-vgvXVRTFfjXfecf7Wh6zRS/resize:4000/format:jpeg,"https://bisque.cyverse.org/image_service/image/00-vgvXVRTFfjXfecf7Wh6zRS/thumbnail:200,200",https://bisque.cyverse.org/image_service/image/00-vgvXVRTFfjXfecf7Wh6zRS/resize:1250/format:jpeg,,"DAV - UC Davis Herbarium (DAV)","CC BY-NC-SA (Attribution-NonCommercial-ShareAlike)",http://creativecommons.org/licenses/by-nc/4.0/,,,urn:uuid:9d832a8e-e781-42fa-94ba-a395f7da09cd,"2021-08-20 13:28:07",image/jpeg,https://www.cch2.org/portal/collections/individual/index.php?occid=1363302,StillImage,Photograph,en
1363304,https://bisque.cyverse.org/image_service/image/00-DzvJKP4BAbbNkMRBkw8cpE/resize:4000/format:jpeg,https://bisque.cyverse.org/image_service/image/00-DzvJKP4BAbbNkMRBkw8cpE/resize:4000/format:jpeg,"https://bisque.cyverse.org/image_service/image/00-DzvJKP4BAbbNkMRBkw8cpE/thumbnail:200,200",https://bisque.cyverse.org/image_service/image/00-DzvJKP4BAbbNkMRBkw8cpE/resize:1250/format:jpeg,,"DAV - UC Davis Herbarium (DAV)","CC BY-NC-SA (Attribution-NonCommercial-ShareAlike)",http://creativecommons.org/licenses/by-nc/4.0/,,,urn:uuid:d534589e-d886-45c5-b4c2-030b76a93fc8,"2021-08-20 13:28:07",image/jpeg,https://www.cch2.org/portal/collections/individual/index.php?occid=1363304,StillImage,Photograph,en
1363305,https://bisque.cyverse.org/image_service/image/00-k8ApL2UsEo5enVee92p7M3/resize:4000/format:jpeg,https://bisque.cyverse.org/image_service/image/00-k8ApL2UsEo5enVee92p7M3/resize:4000/format:jpeg,"https://bisque.cyverse.org/image_service/image/00-k8ApL2UsEo5enVee92p7M3/thumbnail:200,200",https://bisque.cyverse.org/image_service/image/00-k8ApL2UsEo5enVee92p7M3/resize:1250/format:jpeg,,"DAV - UC Davis Herbarium (DAV)","CC BY-NC-SA (Attribution-NonCommercial-ShareAlike)",http://creativecommons.org/licenses/by-nc/4.0/,,,urn:uuid:0d6caac7-d2ef-4139-b018-829878fcb93e,"2021-08-20 13:28:07",image/jpeg,https://www.cch2.org/portal/collections/individual/index.php?occid=1363305,StillImage,Photograph,en
1363306,https://bisque.cyverse.org/image_service/image/00-wcD22K7bZwSrb74e8RjVqS/resize:4000/format:jpeg,https://bisque.cyverse.org/image_service/image/00-wcD22K7bZwSrb74e8RjVqS/resize:4000/format:jpeg,"https://bisque.cyverse.org/image_service/image/00-wcD22K7bZwSrb74e8RjVqS/thumbnail:200,200",https://bisque.cyverse.org/image_service/image/00-wcD22K7bZwSrb74e8RjVqS/resize:1250/format:jpeg,,"DAV - UC Davis Herbarium (DAV)","CC BY-NC-SA (Attribution-NonCommercial-ShareAlike)",http://creativecommons.org/licenses/by-nc/4.0/,,,urn:uuid:9b4496e1-dbb1-4356-b2cd-6ac1d8781a99,"2021-08-20 13:28:07",image/jpeg,https://www.cch2.org/portal/collections/individual/index.php?occid=1363306,StillImage,Photograph,en
1363308,https://bisque.cyverse.org/image_service/image/00-B9D55XuehtDm7dbmxQiDdQ/resize:4000/format:jpeg,https://bisque.cyverse.org/image_service/image/00-B9D55XuehtDm7dbmxQiDdQ/resize:4000/format:jpeg,"https://bisque.cyverse.org/image_service/image/00-B9D55XuehtDm7dbmxQiDdQ/thumbnail:200,200",https://bisque.cyverse.org/image_service/image/00-B9D55XuehtDm7dbmxQiDdQ/resize:1250/format:jpeg,,"DAV - UC Davis Herbarium (DAV)","CC BY-NC-SA (Attribution-NonCommercial-ShareAlike)",http://creativecommons.org/licenses/by-nc/4.0/,,,urn:uuid:5ad2adcf-5125-41b4-af19-5deb2388dcd2,"2021-08-20 13:28:07",image/jpeg,https://www.cch2.org/portal/collections/individual/index.php?occid=1363308,StillImage,Photograph,en
1363309,https://bisque.cyverse.org/image_service/image/00-WJz6QRqiFvzgBnyBZTUXnE/resize:4000/format:jpeg,https://bisque.cyverse.org/image_service/image/00-WJz6QRqiFvzgBnyBZTUXnE/resize:4000/format:jpeg,"https://bisque.cyverse.org/image_service/image/00-WJz6QRqiFvzgBnyBZTUXnE/thumbnail:200,200",https://bisque.cyverse.org/image_service/image/00-WJz6QRqiFvzgBnyBZTUXnE/resize:1250/format:jpeg,,"DAV - UC Davis Herbarium (DAV)","CC BY-NC-SA (Attribution-NonCommercial-ShareAlike)",http://creativecommons.org/licenses/by-nc/4.0/,,,urn:uuid:ccc260cf-80f2-4871-966d-96c844398b6c,"2021-08-20 13:28:07",image/jpeg,https://www.cch2.org/portal/collections/individual/index.php?occid=1363309,StillImage,Photograph,en
1363311,https://bisque.cyverse.org/image_service/image/00-nTzYBMkhcgfDCDZw3oRjXT/resize:4000/format:jpeg,https://bisque.cyverse.org/image_service/image/00-nTzYBMkhcgfDCDZw3oRjXT/resize:4000/format:jpeg,"https://bisque.cyverse.org/image_service/image/00-nTzYBMkhcgfDCDZw3oRjXT/thumbnail:200,200",https://bisque.cyverse.org/image_service/image/00-nTzYBMkhcgfDCDZw3oRjXT/resize:1250/format:jpeg,,"DAV - UC Davis Herbarium (DAV)","CC BY-NC-SA (Attribution-NonCommercial-ShareAlike)",http://creativecommons.org/licenses/by-nc/4.0/,,,urn:uuid:c86ff805-8c00-4de3-99c1-27a4310e0e5d,"2021-08-20 13:28:07",image/jpeg,https://www.cch2.org/portal/collections/individual/index.php?occid=1363311,StillImage,Photograph,en
1401521,https://bisque.cyverse.org/image_service/image/00-ZtuAXgufYrMchqfXNRQ6vd/resize:4000/format:jpeg,https://bisque.cyverse.org/image_service/image/00-ZtuAXgufYrMchqfXNRQ6vd/resize:4000/format:jpeg,"https://bisque.cyverse.org/image_service/image/00-ZtuAXgufYrMchqfXNRQ6vd/thumbnail:200,200",https://bisque.cyverse.org/image_service/image/00-ZtuAXgufYrMchqfXNRQ6vd/resize:1250/format:jpeg,,"DAV - UC Davis Herbarium (DAV)","CC BY-NC-SA (Attribution-NonCommercial-ShareAlike)",http://creativecommons.org/licenses/by-nc/4.0/,,,urn:uuid:f13c2b5e-e792-4502-9e30-113f19fb3dfc,"2021-08-20 13:28:07",image/jpeg,https://www.cch2.org/portal/collections/individual/index.php?occid=1401521,StillImage,Photograph,en
1448600,https://api.idigbio.org/v2/media/256ff44a92883883a3f14b7468070cb6,https://api.idigbio.org/v2/media/256ff44a92883883a3f14b7468070cb6,https://api.idigbio.org/v2/media/256ff44a92883883a3f14b7468070cb6?size=thumbnail,https://api.idigbio.org/v2/media/256ff44a92883883a3f14b7468070cb6?size=webview,,"UCR - University of California, Riverside Herbarium - Vascular Plants (UCR)","CC BY-NC-SA (Attribution-NonCommercial-ShareAlike)",http://creativecommons.org/licenses/by-nc/4.0/,,,urn:uuid:04958789-a888-40db-ae98-69f17f987db3,"2019-08-28 16:30:09",image/jpeg,https://www.cch2.org/portal/collections/individual/index.php?occid=1448600,StillImage,Photograph,en
1448601,https://api.idigbio.org/v2/media/2970f032f41fd5a59b5f35365ee98cfc,https://api.idigbio.org/v2/media/2970f032f41fd5a59b5f35365ee98cfc,https://api.idigbio.org/v2/media/2970f032f41fd5a59b5f35365ee98cfc?size=thumbnail,https://api.idigbio.org/v2/media/2970f032f41fd5a59b5f35365ee98cfc?size=webview,,"UCR - University of California, Riverside Herbarium - Vascular Plants (UCR)","CC BY-NC-SA (Attribution-NonCommercial-ShareAlike)",http://creativecommons.org/licenses/by-nc/4.0/,,,urn:uuid:0ec235e2-01cb-44cf-8ab1-1c0e3e3a325c,"2019-08-28 16:30:09",image/jpeg,https://www.cch2.org/portal/collections/individual/index.php?occid=1448601,StillImage,Photograph,en
1448603,https://api.idigbio.org/v2/media/287ecfd8c5286b3a23f8ae7a80c4f6ea,https://api.idigbio.org/v2/media/287ecfd8c5286b3a23f8ae7a80c4f6ea,https://api.idigbio.org/v2/media/287ecfd8c5286b3a23f8ae7a80c4f6ea?size=thumbnail,https://api.idigbio.org/v2/media/287ecfd8c5286b3a23f8ae7a80c4f6ea?size=webview,,"UCR - University of California, Riverside Herbarium - Vascular Plants (UCR)","CC BY-NC-SA (Attribution-NonCommercial-ShareAlike)",http://creativecommons.org/licenses/by-nc/4.0/,,,urn:uuid:fceb4689-df5e-4561-b6b5-3e2dadf0f503,"2019-08-28 16:30:09",image/jpeg,https://www.cch2.org/portal/collections/individual/index.php?occid=1448603,StillImage,Photograph,en
1448607,https://api.idigbio.org/v2/media/4c8a65da75e814defc92adc3f4af948b,https://api.idigbio.org/v2/media/4c8a65da75e814defc92adc3f4af948b,https://api.idigbio.org/v2/media/4c8a65da75e814defc92adc3f4af948b?size=thumbnail,https://api.idigbio.org/v2/media/4c8a65da75e814defc92adc3f4af948b?size=webview,,"UCR - University of California, Riverside Herbarium - Vascular Plants (UCR)","CC BY-NC-SA (Attribution-NonCommercial-ShareAlike)",http://creativecommons.org/licenses/by-nc/4.0/,,,urn:uuid:74036b81-0bd6-49cb-9b44-1d4d0d4eb777,"2019-08-28 16:30:09",image/jpeg,https://www.cch2.org/portal/collections/individual/index.php?occid=1448607,StillImage,Photograph,en
1448608,https://api.idigbio.org/v2/media/e05a00b1f1eabafb54910c5ba0e655ec,https://api.idigbio.org/v2/media/e05a00b1f1eabafb54910c5ba0e655ec,https://api.idigbio.org/v2/media/e05a00b1f1eabafb54910c5ba0e655ec?size=thumbnail,https://api.idigbio.org/v2/media/e05a00b1f1eabafb54910c5ba0e655ec?size=webview,,"UCR - University of California, Riverside Herbarium - Vascular Plants (UCR)","CC BY-NC-SA (Attribution-NonCommercial-ShareAlike)",http://creativecommons.org/licenses/by-nc/4.0/,,,urn:uuid:0c2f63c2-1cb6-4a53-9bdf-5d258a9183c9,"2019-08-28 16:30:09",image/jpeg,https://www.cch2.org/portal/collections/individual/index.php?occid=1448608,StillImage,Photograph,en
1463190,https://api.idigbio.org/v2/media/b52096113d6e45545c7785a6510cab14,https://api.idigbio.org/v2/media/b52096113d6e45545c7785a6510cab14,https://api.idigbio.org/v2/media/b52096113d6e45545c7785a6510cab14?size=thumbnail,https://api.idigbio.org/v2/media/b52096113d6e45545c7785a6510cab14?size=webview,,"UCR - University of California, Riverside Herbarium - Vascular Plants (UCR)","CC BY-NC-SA (Attribution-NonCommercial-ShareAlike)",http://creativecommons.org/licenses/by-nc/4.0/,,,urn:uuid:5eaa5f17-d8d9-4700-ab59-71f49e7b1689,"2019-08-28 16:30:09",image/jpeg,https://www.cch2.org/portal/collections/individual/index.php?occid=1463190,StillImage,Photograph,en
1463191,https://api.idigbio.org/v2/media/339bad60f0e2652bf8d4fffbf318e13e,https://api.idigbio.org/v2/media/339bad60f0e2652bf8d4fffbf318e13e,https://api.idigbio.org/v2/media/339bad60f0e2652bf8d4fffbf318e13e?size=thumbnail,https://api.idigbio.org/v2/media/339bad60f0e2652bf8d4fffbf318e13e?size=webview,,"UCR - University of California, Riverside Herbarium - Vascular Plants (UCR)","CC BY-NC-SA (Attribution-NonCommercial-ShareAlike)",http://creativecommons.org/licenses/by-nc/4.0/,,,urn:uuid:1c192681-3558-49ea-9aab-543c8481e9e7,"2019-08-28 16:30:09",image/jpeg,https://www.cch2.org/portal/collections/individual/index.php?occid=1463191,StillImage,Photograph,en
1463192,https://api.idigbio.org/v2/media/9eb97d4fb36809ebd6ba1d8f24e7c430,https://api.idigbio.org/v2/media/9eb97d4fb36809ebd6ba1d8f24e7c430,https://api.idigbio.org/v2/media/9eb97d4fb36809ebd6ba1d8f24e7c430?size=thumbnail,https://api.idigbio.org/v2/media/9eb97d4fb36809ebd6ba1d8f24e7c430?size=webview,,"UCR - University of California, Riverside Herbarium - Vascular Plants (UCR)","CC BY-NC-SA (Attribution-NonCommercial-ShareAlike)",http://creativecommons.org/licenses/by-nc/4.0/,,,urn:uuid:086311c3-9b30-4399-87c4-709e3d4ddbcb,"2019-08-28 16:30:09",image/jpeg,https://www.cch2.org/portal/collections/individual/index.php?occid=1463192,StillImage,Photograph,en
1563406,https://api.idigbio.org/v2/media/235bc7f9817c436bf3b48cd7a5558e29,https://api.idigbio.org/v2/media/235bc7f9817c436bf3b48cd7a5558e29,https://api.idigbio.org/v2/media/235bc7f9817c436bf3b48cd7a5558e29?size=thumbnail,https://api.idigbio.org/v2/media/235bc7f9817c436bf3b48cd7a5558e29?size=webview,,"UCR - University of California, Riverside Herbarium - Vascular Plants (UCR)","CC BY-NC-SA (Attribution-NonCommercial-ShareAlike)",http://creativecommons.org/licenses/by-nc/4.0/,,,urn:uuid:c3953168-7195-4303-a35b-e556eb0a63dc,"2019-08-28 16:30:09",image/jpeg,https://www.cch2.org/portal/collections/individual/index.php?occid=1563406,StillImage,Photograph,en
1595457,https://api.idigbio.org/v2/media/279fcf00d532d060633f17ee6a68cc74,https://api.idigbio.org/v2/media/279fcf00d532d060633f17ee6a68cc74,https://api.idigbio.org/v2/media/279fcf00d532d060633f17ee6a68cc74?size=thumbnail,https://api.idigbio.org/v2/media/279fcf00d532d060633f17ee6a68cc74?size=webview,,"UCR - University of California, Riverside Herbarium - Vascular Plants (UCR)","CC BY-NC-SA (Attribution-NonCommercial-ShareAlike)",http://creativecommons.org/licenses/by-nc/4.0/,,,urn:uuid:b04b71c7-b20a-464d-a537-aa3ec01b21ae,"2019-08-28 16:30:09",image/jpeg,https://www.cch2.org/portal/collections/individual/index.php?occid=1595457,StillImage,Photograph,en
1894563,https://api.idigbio.org/v2/media/7ee4063ab87ee448ce413ea81eb1d936,https://api.idigbio.org/v2/media/7ee4063ab87ee448ce413ea81eb1d936,https://api.idigbio.org/v2/media/7ee4063ab87ee448ce413ea81eb1d936?size=thumbnail,https://api.idigbio.org/v2/media/7ee4063ab87ee448ce413ea81eb1d936?size=webview,,"UCSB - University of California Santa Barbara Herbarium (UCSB)","CC0 1.0 (Public-domain)",http://creativecommons.org/publicdomain/zero/1.0/,,,urn:uuid:fe14c560-3c6a-4fa9-ac2d-388aed4288fa,"2019-01-08 18:07:29",image/jpeg,https://www.cch2.org/portal/collections/individual/index.php?occid=1894563,StillImage,Photograph,en
1894564,https://api.idigbio.org/v2/media/f8a52bf8b145942487407515f51b3dc3,https://api.idigbio.org/v2/media/f8a52bf8b145942487407515f51b3dc3,https://api.idigbio.org/v2/media/f8a52bf8b145942487407515f51b3dc3?size=thumbnail,https://api.idigbio.org/v2/media/f8a52bf8b145942487407515f51b3dc3?size=webview,,"UCSB - University of California Santa Barbara Herbarium (UCSB)","CC0 1.0 (Public-domain)",http://creativecommons.org/publicdomain/zero/1.0/,,,urn:uuid:21573501-30d4-4395-94de-4b355debd2ff,"2019-01-08 18:07:29",image/jpeg,https://www.cch2.org/portal/collections/individual/index.php?occid=1894564,StillImage,Photograph,en
1894565,https://api.idigbio.org/v2/media/a777ca780af1248c3d56437eb8186324,https://api.idigbio.org/v2/media/a777ca780af1248c3d56437eb8186324,https://api.idigbio.org/v2/media/a777ca780af1248c3d56437eb8186324?size=thumbnail,https://api.idigbio.org/v2/media/a777ca780af1248c3d56437eb8186324?size=webview,,"UCSB - University of California Santa Barbara Herbarium (UCSB)","CC0 1.0 (Public-domain)",http://creativecommons.org/publicdomain/zero/1.0/,,,urn:uuid:e3ef0db5-9cf8-4b22-8281-8b667f8eb453,"2019-01-08 18:07:29",image/jpeg,https://www.cch2.org/portal/collections/individual/index.php?occid=1894565,StillImage,Photograph,en
1894566,https://api.idigbio.org/v2/media/66b5f69e4bf7fa2af22eaee7357986a6,https://api.idigbio.org/v2/media/66b5f69e4bf7fa2af22eaee7357986a6,https://api.idigbio.org/v2/media/66b5f69e4bf7fa2af22eaee7357986a6?size=thumbnail,https://api.idigbio.org/v2/media/66b5f69e4bf7fa2af22eaee7357986a6?size=webview,,"UCSB - University of California Santa Barbara Herbarium (UCSB)","CC0 1.0 (Public-domain)",http://creativecommons.org/publicdomain/zero/1.0/,,,urn:uuid:08d5911d-49bc-422d-a756-5aeb4901eac1,"2019-01-08 18:07:29",image/jpeg,https://www.cch2.org/portal/collections/individual/index.php?occid=1894566,StillImage,Photograph,en
1894567,https://api.idigbio.org/v2/media/c218ccf9ac6675e69b7a422e0d638f5f,https://api.idigbio.org/v2/media/c218ccf9ac6675e69b7a422e0d638f5f,https://api.idigbio.org/v2/media/c218ccf9ac6675e69b7a422e0d638f5f?size=thumbnail,https://api.idigbio.org/v2/media/c218ccf9ac6675e69b7a422e0d638f5f?size=webview,,"UCSB - University of California Santa Barbara Herbarium (UCSB)","CC0 1.0 (Public-domain)",http://creativecommons.org/publicdomain/zero/1.0/,,,urn:uuid:deac998b-f8ad-4a65-a59c-c53a4d9cfcfb,"2019-01-08 18:07:29",image/jpeg,https://www.cch2.org/portal/collections/individual/index.php?occid=1894567,StillImage,Photograph,en
1894568,https://api.idigbio.org/v2/media/1d59217ad7dd67548b0e740aa7db450d,https://api.idigbio.org/v2/media/1d59217ad7dd67548b0e740aa7db450d,https://api.idigbio.org/v2/media/1d59217ad7dd67548b0e740aa7db450d?size=thumbnail,https://api.idigbio.org/v2/media/1d59217ad7dd67548b0e740aa7db450d?size=webview,,"UCSB - University of California Santa Barbara Herbarium (UCSB)","CC0 1.0 (Public-domain)",http://creativecommons.org/publicdomain/zero/1.0/,,,urn:uuid:e478fcab-a8e8-4e8c-b462-e977bd53ba1f,"2019-01-08 18:07:29",image/jpeg,https://www.cch2.org/portal/collections/individual/index.php?occid=1894568,StillImage,Photograph,en
1894569,https://api.idigbio.org/v2/media/e97d7981b8d4e2bc2e50c065d84cf655,https://api.idigbio.org/v2/media/e97d7981b8d4e2bc2e50c065d84cf655,https://api.idigbio.org/v2/media/e97d7981b8d4e2bc2e50c065d84cf655?size=thumbnail,https://api.idigbio.org/v2/media/e97d7981b8d4e2bc2e50c065d84cf655?size=webview,,"UCSB - University of California Santa Barbara Herbarium (UCSB)","CC0 1.0 (Public-domain)",http://creativecommons.org/publicdomain/zero/1.0/,,,urn:uuid:a3689bf7-3263-4669-8eb6-6ce9f6ecf800,"2019-01-08 18:07:29",image/jpeg,https://www.cch2.org/portal/collections/individual/index.php?occid=1894569,StillImage,Photograph,en
1894570,https://api.idigbio.org/v2/media/9a2915f7b97fa29c9535f56802690dca,https://api.idigbio.org/v2/media/9a2915f7b97fa29c9535f56802690dca,https://api.idigbio.org/v2/media/9a2915f7b97fa29c9535f56802690dca?size=thumbnail,https://api.idigbio.org/v2/media/9a2915f7b97fa29c9535f56802690dca?size=webview,,"UCSB - University of California Santa Barbara Herbarium (UCSB)","CC0 1.0 (Public-domain)",http://creativecommons.org/publicdomain/zero/1.0/,,,urn:uuid:0899e091-9302-4d03-9801-28dd5a7ceda8,"2019-01-08 18:07:29",image/jpeg,https://www.cch2.org/portal/collections/individual/index.php?occid=1894570,StillImage,Photograph,en
1894571,https://api.idigbio.org/v2/media/c16d29c0c752cccc1f29d68d0ffe0263,https://api.idigbio.org/v2/media/c16d29c0c752cccc1f29d68d0ffe0263,https://api.idigbio.org/v2/media/c16d29c0c752cccc1f29d68d0ffe0263?size=thumbnail,https://api.idigbio.org/v2/media/c16d29c0c752cccc1f29d68d0ffe0263?size=webview,,"UCSB - University of California Santa Barbara Herbarium (UCSB)","CC0 1.0 (Public-domain)",http://creativecommons.org/publicdomain/zero/1.0/,,,urn:uuid:a06a79e6-9ede-4a68-8848-4be297569171,"2019-01-08 18:07:29",image/jpeg,https://www.cch2.org/portal/collections/individual/index.php?occid=1894571,StillImage,Photograph,en
1894572,https://api.idigbio.org/v2/media/cc784670c868205f5a558d88394ab539,https://api.idigbio.org/v2/media/cc784670c868205f5a558d88394ab539,https://api.idigbio.org/v2/media/cc784670c868205f5a558d88394ab539?size=thumbnail,https://api.idigbio.org/v2/media/cc784670c868205f5a558d88394ab539?size=webview,,"UCSB - University of California Santa Barbara Herbarium (UCSB)","CC0 1.0 (Public-domain)",http://creativecommons.org/publicdomain/zero/1.0/,,,urn:uuid:d6197fd8-0375-4db5-b3f2-f0f5aee161b9,"2019-01-08 18:07:29",image/jpeg,https://www.cch2.org/portal/collections/individual/index.php?occid=1894572,StillImage,Photograph,en
1894573,https://api.idigbio.org/v2/media/38572fdbfe643d35c168bf7d1c24f650,https://api.idigbio.org/v2/media/38572fdbfe643d35c168bf7d1c24f650,https://api.idigbio.org/v2/media/38572fdbfe643d35c168bf7d1c24f650?size=thumbnail,https://api.idigbio.org/v2/media/38572fdbfe643d35c168bf7d1c24f650?size=webview,,"UCSB - University of California Santa Barbara Herbarium (UCSB)","CC0 1.0 (Public-domain)",http://creativecommons.org/publicdomain/zero/1.0/,,,urn:uuid:5a27b4fa-d4ea-485c-9e9e-5b928b0666ac,"2019-01-08 18:07:29",image/jpeg,https://www.cch2.org/portal/collections/individual/index.php?occid=1894573,StillImage,Photograph,en
1894574,https://api.idigbio.org/v2/media/b700d86a7ec34ff3d21221201738c6c1,https://api.idigbio.org/v2/media/b700d86a7ec34ff3d21221201738c6c1,https://api.idigbio.org/v2/media/b700d86a7ec34ff3d21221201738c6c1?size=thumbnail,https://api.idigbio.org/v2/media/b700d86a7ec34ff3d21221201738c6c1?size=webview,,"UCSB - University of California Santa Barbara Herbarium (UCSB)","CC0 1.0 (Public-domain)",http://creativecommons.org/publicdomain/zero/1.0/,,,urn:uuid:36675cc3-002e-4640-92af-85e3188c6040,"2019-01-08 18:07:29",image/jpeg,https://www.cch2.org/portal/collections/individual/index.php?occid=1894574,StillImage,Photograph,en
1894575,https://api.idigbio.org/v2/media/d7aed06076b5f16b027a461ad3d3f7b1,https://api.idigbio.org/v2/media/d7aed06076b5f16b027a461ad3d3f7b1,https://api.idigbio.org/v2/media/d7aed06076b5f16b027a461ad3d3f7b1?size=thumbnail,https://api.idigbio.org/v2/media/d7aed06076b5f16b027a461ad3d3f7b1?size=webview,,"UCSB - University of California Santa Barbara Herbarium (UCSB)","CC0 1.0 (Public-domain)",http://creativecommons.org/publicdomain/zero/1.0/,,,urn:uuid:7ec97444-f082-4a94-808e-4bb47ed9bba8,"2019-01-08 18:07:29",image/jpeg,https://www.cch2.org/portal/collections/individual/index.php?occid=1894575,StillImage,Photograph,en
1894576,https://api.idigbio.org/v2/media/d5558c964f3427bc80ae399ce541bb2c,https://api.idigbio.org/v2/media/d5558c964f3427bc80ae399ce541bb2c,https://api.idigbio.org/v2/media/d5558c964f3427bc80ae399ce541bb2c?size=thumbnail,https://api.idigbio.org/v2/media/d5558c964f3427bc80ae399ce541bb2c?size=webview,,"UCSB - University of California Santa Barbara Herbarium (UCSB)","CC0 1.0 (Public-domain)",http://creativecommons.org/publicdomain/zero/1.0/,,,urn:uuid:6e542ea5-a7f8-41e8-88db-8c5f9544eadb,"2019-01-08 18:07:29",image/jpeg,https://www.cch2.org/portal/collections/individual/index.php?occid=1894576,StillImage,Photograph,en
1894577,https://api.idigbio.org/v2/media/81cb9c83550ecc7946bc04fcdc7b75ce,https://api.idigbio.org/v2/media/81cb9c83550ecc7946bc04fcdc7b75ce,https://api.idigbio.org/v2/media/81cb9c83550ecc7946bc04fcdc7b75ce?size=thumbnail,https://api.idigbio.org/v2/media/81cb9c83550ecc7946bc04fcdc7b75ce?size=webview,,"UCSB - University of California Santa Barbara Herbarium (UCSB)","CC0 1.0 (Public-domain)",http://creativecommons.org/publicdomain/zero/1.0/,,,urn:uuid:9dfef7ae-6b7c-4bb4-b56a-e9cf58371509,"2019-01-08 18:07:29",image/jpeg,https://www.cch2.org/portal/collections/individual/index.php?occid=1894577,StillImage,Photograph,en
1894578,https://api.idigbio.org/v2/media/f8c95a1ab38afa9f488eace1638c12fd,https://api.idigbio.org/v2/media/f8c95a1ab38afa9f488eace1638c12fd,https://api.idigbio.org/v2/media/f8c95a1ab38afa9f488eace1638c12fd?size=thumbnail,https://api.idigbio.org/v2/media/f8c95a1ab38afa9f488eace1638c12fd?size=webview,,"UCSB - University of California Santa Barbara Herbarium (UCSB)","CC0 1.0 (Public-domain)",http://creativecommons.org/publicdomain/zero/1.0/,,,urn:uuid:6d468a8b-4343-4ff5-85f7-8edbba344c4c,"2019-01-08 18:07:29",image/jpeg,https://www.cch2.org/portal/collections/individual/index.php?occid=1894578,StillImage,Photograph,en
1894579,https://api.idigbio.org/v2/media/5287a9f275ef37f4b7c6c39a55e0ba08,https://api.idigbio.org/v2/media/5287a9f275ef37f4b7c6c39a55e0ba08,https://api.idigbio.org/v2/media/5287a9f275ef37f4b7c6c39a55e0ba08?size=thumbnail,https://api.idigbio.org/v2/media/5287a9f275ef37f4b7c6c39a55e0ba08?size=webview,,"UCSB - University of California Santa Barbara Herbarium (UCSB)","CC0 1.0 (Public-domain)",http://creativecommons.org/publicdomain/zero/1.0/,,,urn:uuid:64e7ea6a-6992-43cf-9b2b-8433220c0b27,"2019-01-08 18:07:29",image/jpeg,https://www.cch2.org/portal/collections/individual/index.php?occid=1894579,StillImage,Photograph,en
2085323,https://bisque.cyverse.org/image_service/image/00-jYKBPCfc3TFbBDgG5Yf8eT/resize:4000/format:jpeg,https://bisque.cyverse.org/image_service/image/00-jYKBPCfc3TFbBDgG5Yf8eT/resize:4000/format:jpeg,"https://bisque.cyverse.org/image_service/image/00-jYKBPCfc3TFbBDgG5Yf8eT/thumbnail:200,200",https://bisque.cyverse.org/image_service/image/00-jYKBPCfc3TFbBDgG5Yf8eT/resize:1250/format:jpeg,,"CHSC - CSU Chico, Chico State Herbarium - Vascular Plants (CHSC-VascularPlants)","CC BY-NC-SA (Attribution-NonCommercial-ShareAlike)",http://creativecommons.org/licenses/by-nc/4.0/,,,urn:uuid:a3d2df29-1b9b-41cc-9ad6-271bfbf9ad20,"2021-05-20 12:45:44",image/jpeg,https://www.cch2.org/portal/collections/individual/index.php?occid=2085323,StillImage,Photograph,en
2095945,https://bisque.cyverse.org/image_service/image/00-PGDebVH9dNo45aCQYX3C9C/resize:4000/format:jpeg,https://bisque.cyverse.org/image_service/image/00-PGDebVH9dNo45aCQYX3C9C/resize:4000/format:jpeg,"https://bisque.cyverse.org/image_service/image/00-PGDebVH9dNo45aCQYX3C9C/thumbnail:200,200",https://bisque.cyverse.org/image_service/image/00-PGDebVH9dNo45aCQYX3C9C/resize:1250/format:jpeg,,"CHSC - CSU Chico, Chico State Herbarium - Vascular Plants (CHSC-VascularPlants)","CC BY-NC-SA (Attribution-NonCommercial-ShareAlike)",http://creativecommons.org/licenses/by-nc/4.0/,,,urn:uuid:d0a1ed78-db06-41e8-a806-160264d4cef1,"2021-05-20 12:45:44",image/jpeg,https://www.cch2.org/portal/collections/individual/index.php?occid=2095945,StillImage,Photograph,en
2125561,https://bisque.cyverse.org/image_service/image/00-mzXzczwPsN3TfTjHwWQDde/resize:4000/format:jpeg,https://bisque.cyverse.org/image_service/image/00-mzXzczwPsN3TfTjHwWQDde/resize:4000/format:jpeg,"https://bisque.cyverse.org/image_service/image/00-mzXzczwPsN3TfTjHwWQDde/thumbnail:200,200",https://bisque.cyverse.org/image_service/image/00-mzXzczwPsN3TfTjHwWQDde/resize:1250/format:jpeg,,"CHSC - CSU Chico, Chico State Herbarium - Vascular Plants (CHSC-VascularPlants)","CC BY-NC-SA (Attribution-NonCommercial-ShareAlike)",http://creativecommons.org/licenses/by-nc/4.0/,,,urn:uuid:7566cc2b-da82-4b2c-a182-a22921f91c13,"2021-05-20 12:45:44",image/jpeg,https://www.cch2.org/portal/collections/individual/index.php?occid=2125561,StillImage,Photograph,en
2137941,https://bisque.cyverse.org/image_service/image/00-zaywBSaRZf34bQeVDZHtQJ/resize:4000/format:jpeg,https://bisque.cyverse.org/image_service/image/00-zaywBSaRZf34bQeVDZHtQJ/resize:4000/format:jpeg,"https://bisque.cyverse.org/image_service/image/00-zaywBSaRZf34bQeVDZHtQJ/thumbnail:200,200",https://bisque.cyverse.org/image_service/image/00-zaywBSaRZf34bQeVDZHtQJ/resize:1250/format:jpeg,,"CHSC - CSU Chico, Chico State Herbarium - Vascular Plants (CHSC-VascularPlants)","CC BY-NC-SA (Attribution-NonCommercial-ShareAlike)",http://creativecommons.org/licenses/by-nc/4.0/,,,urn:uuid:3df328f3-ba4f-40d1-92d4-231312bbc210,"2021-05-20 12:45:44",image/jpeg,https://www.cch2.org/portal/collections/individual/index.php?occid=2137941,StillImage,Photograph,en
2137942,https://bisque.cyverse.org/image_service/image/00-vF8eM3AjmCfXL7D6pjMKsF/resize:4000/format:jpeg,https://bisque.cyverse.org/image_service/image/00-vF8eM3AjmCfXL7D6pjMKsF/resize:4000/format:jpeg,"https://bisque.cyverse.org/image_service/image/00-vF8eM3AjmCfXL7D6pjMKsF/thumbnail:200,200",https://bisque.cyverse.org/image_service/image/00-vF8eM3AjmCfXL7D6pjMKsF/resize:1250/format:jpeg,,"CHSC - CSU Chico, Chico State Herbarium - Vascular Plants (CHSC-VascularPlants)","CC BY-NC-SA (Attribution-NonCommercial-ShareAlike)",http://creativecommons.org/licenses/by-nc/4.0/,,,urn:uuid:0b556ff8-63ff-4c98-a7c7-f5ffd2eb346a,"2021-05-20 12:45:44",image/jpeg,https://www.cch2.org/portal/collections/individual/index.php?occid=2137942,StillImage,Photograph,en
2137946,https://bisque.cyverse.org/image_service/image/00-REjQ62VKcwqEMoBSybGhs6/resize:4000/format:jpeg,https://bisque.cyverse.org/image_service/image/00-REjQ62VKcwqEMoBSybGhs6/resize:4000/format:jpeg,"https://bisque.cyverse.org/image_service/image/00-REjQ62VKcwqEMoBSybGhs6/thumbnail:200,200",https://bisque.cyverse.org/image_service/image/00-REjQ62VKcwqEMoBSybGhs6/resize:1250/format:jpeg,,"CHSC - CSU Chico, Chico State Herbarium - Vascular Plants (CHSC-VascularPlants)","CC BY-NC-SA (Attribution-NonCommercial-ShareAlike)",http://creativecommons.org/licenses/by-nc/4.0/,,,urn:uuid:9c01abcf-9123-44e7-a4dc-6bf48481c87e,"2021-05-20 12:45:44",image/jpeg,https://www.cch2.org/portal/collections/individual/index.php?occid=2137946,StillImage,Photograph,en
2150895,https://bisque.cyverse.org/image_service/image/00-T8oVbQC5HxhNjKY24MPVMR/resize:4000/format:jpeg,https://bisque.cyverse.org/image_service/image/00-T8oVbQC5HxhNjKY24MPVMR/resize:4000/format:jpeg,"https://bisque.cyverse.org/image_service/image/00-T8oVbQC5HxhNjKY24MPVMR/thumbnail:200,200",https://bisque.cyverse.org/image_service/image/00-T8oVbQC5HxhNjKY24MPVMR/resize:1250/format:jpeg,,"CHSC - CSU Chico, Chico State Herbarium - Vascular Plants (CHSC-VascularPlants)","CC BY-NC-SA (Attribution-NonCommercial-ShareAlike)",http://creativecommons.org/licenses/by-nc/4.0/,,,urn:uuid:71217a55-2b24-4d8a-9960-422b3b71f4e9,"2021-05-20 12:45:44",image/jpeg,https://www.cch2.org/portal/collections/individual/index.php?occid=2150895,StillImage,Photograph,en
2175137,https://bisque.cyverse.org/image_service/image/00-qYp8QCHVoQpSTMsdRpkDTa/resize:4000/format:jpeg,https://bisque.cyverse.org/image_service/image/00-qYp8QCHVoQpSTMsdRpkDTa/resize:4000/format:jpeg,"https://bisque.cyverse.org/image_service/image/00-qYp8QCHVoQpSTMsdRpkDTa/thumbnail:200,200",https://bisque.cyverse.org/image_service/image/00-qYp8QCHVoQpSTMsdRpkDTa/resize:1250/format:jpeg,,"UCSC Herbarium - Kenneth S. Norris Center for Natural History, University of California Santa Cruz (UCSC)","CC BY-NC-SA (Attribution-NonCommercial-ShareAlike)",http://creativecommons.org/licenses/by-nc/4.0/,,,urn:uuid:ab72e5e0-244a-4c1d-9b29-d52741f10bdd,"2021-06-03 11:39:47",image/jpeg,https://www.cch2.org/portal/collections/individual/index.php?occid=2175137,StillImage,Photograph,en
3140900,https://api.idigbio.org/v2/media/80a447c39d9e19c703a7cd5812ef9d66,https://api.idigbio.org/v2/media/80a447c39d9e19c703a7cd5812ef9d66,https://api.idigbio.org/v2/media/80a447c39d9e19c703a7cd5812ef9d66?size=thumbnail,https://api.idigbio.org/v2/media/80a447c39d9e19c703a7cd5812ef9d66?size=webview,,"FSC - Fresno State Herbarium (FSC)","CC BY-NC-SA (Attribution-NonCommercial-ShareAlike)",http://creativecommons.org/licenses/by-nc/4.0/,,,urn:uuid:078253b9-b066-4c2a-bb37-a5077b0b6fb5,"2019-07-09 12:15:42",image/jpeg,https://www.cch2.org/portal/collections/individual/index.php?occid=3140900,StillImage,Photograph,en
3141044,https://api.idigbio.org/v2/media/65664c84a2abf7b2490d638f1882e273,https://api.idigbio.org/v2/media/65664c84a2abf7b2490d638f1882e273,https://api.idigbio.org/v2/media/65664c84a2abf7b2490d638f1882e273?size=thumbnail,https://api.idigbio.org/v2/media/65664c84a2abf7b2490d638f1882e273?size=webview,,"FSC - Fresno State Herbarium (FSC)","CC BY-NC-SA (Attribution-NonCommercial-ShareAlike)",http://creativecommons.org/licenses/by-nc/4.0/,,,urn:uuid:6d44f0da-32be-42e2-bd9f-88964458033c,"2019-07-09 12:15:43",image/jpeg,https://www.cch2.org/portal/collections/individual/index.php?occid=3141044,StillImage,Photograph,en
3142091,https://api.idigbio.org/v2/media/3f95b7036e1ce68ed42787e73960bf4d,https://api.idigbio.org/v2/media/3f95b7036e1ce68ed42787e73960bf4d,https://api.idigbio.org/v2/media/3f95b7036e1ce68ed42787e73960bf4d?size=thumbnail,https://api.idigbio.org/v2/media/3f95b7036e1ce68ed42787e73960bf4d?size=webview,,"FSC - Fresno State Herbarium (FSC)","CC BY-NC-SA (Attribution-NonCommercial-ShareAlike)",http://creativecommons.org/licenses/by-nc/4.0/,,,urn:uuid:785e5996-b6c5-4ea1-920c-b91e68ed8431,"2019-07-09 12:15:50",image/jpeg,https://www.cch2.org/portal/collections/individual/index.php?occid=3142091,StillImage,Photograph,en
3621120,https://api.idigbio.org/v2/media/0f997d6057c20f9aa8f9faf725859473,https://api.idigbio.org/v2/media/0f997d6057c20f9aa8f9faf725859473,https://api.idigbio.org/v2/media/0f997d6057c20f9aa8f9faf725859473?size=thumbnail,https://api.idigbio.org/v2/media/0f997d6057c20f9aa8f9faf725859473?size=webview,,"OBI - Robert F. Hoover Herbarium, Cal Poly State University (OBI)","CC BY-NC-SA (Attribution-NonCommercial-ShareAlike)",http://creativecommons.org/licenses/by-nc/4.0/,,,urn:uuid:2fdba26d-9ab1-45c1-955a-148a0c50268a,"2019-08-29 13:31:56",image/jpeg,https://www.cch2.org/portal/collections/individual/index.php?occid=3621120,StillImage,Photograph,en
3672035,https://api.idigbio.org/v2/media/18460f2fd194b1922a9da662885bb6a1,https://api.idigbio.org/v2/media/18460f2fd194b1922a9da662885bb6a1,https://api.idigbio.org/v2/media/18460f2fd194b1922a9da662885bb6a1?size=thumbnail,https://api.idigbio.org/v2/media/18460f2fd194b1922a9da662885bb6a1?size=webview,,"UCR - University of California, Riverside Herbarium - Vascular Plants (UCR)","CC BY-NC-SA (Attribution-NonCommercial-ShareAlike)",http://creativecommons.org/licenses/by-nc/4.0/,,,urn:uuid:3c49a6d4-4016-4ee8-898c-6fa32e616caa,"2019-08-28 16:30:09",image/jpeg,https://www.cch2.org/portal/collections/individual/index.php?occid=3672035,StillImage,Photograph,en
3676774,https://bisque.cyverse.org/image_service/image/00-wgnCeMKtQBTCxbpYeSsMcH/resize:4000/format:jpeg,https://bisque.cyverse.org/image_service/image/00-wgnCeMKtQBTCxbpYeSsMcH/resize:4000/format:jpeg,"https://bisque.cyverse.org/image_service/image/00-wgnCeMKtQBTCxbpYeSsMcH/thumbnail:200,200",https://bisque.cyverse.org/image_service/image/00-wgnCeMKtQBTCxbpYeSsMcH/resize:1250/format:jpeg,,"UCSC Herbarium - Kenneth S. Norris Center for Natural History, University of California Santa Cruz (UCSC)","CC BY-NC-SA (Attribution-NonCommercial-ShareAlike)",http://creativecommons.org/licenses/by-nc/4.0/,,,urn:uuid:8ac8d4ad-41e2-422b-b230-55402d02b49d,"2019-11-21 17:25:50",image/jpeg,https://www.cch2.org/portal/collections/individual/index.php?occid=3676774,StillImage,Photograph,en
4334106,https://oregonflora.org/dbimages/OFPimages/OFPImages_big/1489/ORE115029.jpg,https://oregonflora.org/dbimages/OFPimages/OFPImages_big/1489/ORE115029.jpg,https://oregonflora.org:443/imglib/misc/201905/ORE115029_1558125931_tn.jpg,https://oregonflora.org/dbimages/OFPimages/OFPImages_big/1489/ORE115029.jpg,,"Oregon State University","CC BY-NC-SA (Attribution-NonCommercial-ShareAlike)",http://creativecommons.org/licenses/by-nc/4.0/,,,urn:uuid:ace4c22f-3d6f-4959-8c59-b0f51e012076,"2020-12-16 15:59:23",jpg,https://www.cch2.org/portal/collections/individual/index.php?occid=4334106,StillImage,Photograph,en
4450389,https://bisque.cyverse.org/image_service/image/00-NUTGvAkgygW7bwF5g92AUf/resize:4000/format:jpeg,https://bisque.cyverse.org/image_service/image/00-NUTGvAkgygW7bwF5g92AUf/resize:4000/format:jpeg,"https://bisque.cyverse.org/image_service/image/00-NUTGvAkgygW7bwF5g92AUf/thumbnail:200,200",https://bisque.cyverse.org/image_service/image/00-NUTGvAkgygW7bwF5g92AUf/resize:1250/format:jpeg,,"OBI - Robert F. Hoover Herbarium, Cal Poly State University (OBI)","CC BY-NC-SA (Attribution-NonCommercial-ShareAlike)",http://creativecommons.org/licenses/by-nc/4.0/,,,urn:uuid:e4608d29-ab78-4532-afe6-803e4bbb3ea2,"2021-06-16 12:34:16",image/jpeg,https://www.cch2.org/portal/collections/individual/index.php?occid=4450389,StillImage,Photograph,en
